Rep,LDS2,LDS3,LDS4,LDS5,LDS6,NSUB1,NSUB2,NSUB3,NSUB4,NSUB5,CF1,CF2,CF3,CF4,CF5,CF6,CF7,CF8,AFE1,AFE2,AFE4,AFE5,APF1,APF2,APF3,APF4,APF5,APF6,IEIP1,IEIP2,IEIP3,IEIP4,MOT1,MOT2,MOT3,MOT4,MOT5,MOT6,MOT7,MOT8,MOT9,INTU1
1,4,3,3,5,1,3,2,1,3,4,5,2,2,5,5,4,5,5,4,3,5,4,4,5,5,5,5,4,4,4,3,1,4,4,4,4,5,5,5,5,3,5
2,4,3,1,3,2,3,4,2,2,3,4,2,1,5,4,3,3,3,3,2,3,3,3,3,4,4,5,3,4,5,3,2,3,3,4,3,3,4,4,4,3,3
3,4,2,2,5,1,3,2,2,2,4,5,5,1,5,5,4,4,4,3,4,4,3,3,2,5,5,5,3,5,3,3,4,3,5,5,3,5,5,5,5,4,5
4,3,4,3,3,3,4,2,3,4,2,4,4,1,4,4,3,4,4,4,4,5,4,4,5,3,4,2,3,5,4,2,2,3,4,4,2,4,4,4,4,4,4
5,3,3,3,3,3,4,3,3,4,4,4,2,2,5,4,4,4,4,4,3,4,4,3,4,5,4,4,4,4,4,4,3,4,4,4,4,4,5,5,5,4,4
6,4,3,2,2,3,4,2,2,2,2,5,4,2,5,4,5,2,3,4,4,5,4,4,5,5,5,5,4,4,4,4,4,3,4,4,3,4,5,4,5,4,4
7,4,3,3,3,4,4,2,5,5,5,5,1,2,5,5,3,5,5,4,2,5,1,4,3,4,5,5,4,5,5,5,5,5,5,4,5,4,5,5,5,5,4
8,5,4,4,4,3,4,2,3,4,4,2,3,1,5,5,5,4,4,5,4,4,2,3,3,4,5,5,3,4,5,5,2,3,4,5,4,5,5,4,5,4,4
9,3,4,3,4,2,3,3,2,3,4,4,4,3,4,4,2,3,4,4,1,4,4,4,3,4,4,4,4,4,4,4,2,3,4,3,3,3,5,4,4,4,4
10,2,2,2,2,3,3,2,2,2,4,5,4,4,5,4,3,4,2,4,5,3,4,5,4,4,5,5,4,4,5,4,1,2,5,5,3,4,5,5,5,4,3
11,4,4,4,4,1,4,4,4,4,5,5,2,1,4,4,5,4,5,4,4,5,2,4,5,5,4,5,5,4,5,5,1,4,5,4,5,5,5,5,5,4,4
12,4,3,3,5,3,5,3,3,1,5,4,4,3,5,4,5,3,3,3,3,1,4,3,3,3,5,5,3,4,4,4,2,3,4,4,4,3,5,4,5,3,3
13,3,3,4,4,2,4,3,3,3,4,4,3,2,5,5,3,4,4,3,3,4,3,2,2,4,3,4,3,5,4,3,1,3,3,4,4,4,4,2,4,5,4
14,3,3,3,3,3,3,3,4,4,4,3,2,2,5,4,2,4,4,3,3,2,3,3,4,4,5,4,3,4,4,3,3,3,4,4,4,3,5,4,4,3,4
15,3,3,3,3,2,4,2,1,3,4,5,1,3,5,5,4,4,5,4,3,4,3,4,5,3,5,5,5,4,4,5,3,5,5,4,5,5,5,5,5,5,5
16,4,3,3,5,3,4,3,2,4,2,4,4,1,5,5,2,4,4,3,4,4,4,3,3,5,4,5,3,5,5,5,2,3,4,4,4,5,5,5,5,4,3
17,3,3,3,3,2,3,2,2,3,3,4,4,1,4,5,3,3,3,3,3,5,4,3,3,4,4,4,3,5,3,4,2,3,3,4,3,4,5,4,5,4,5
18,1,2,3,4,3,4,1,1,1,5,4,4,1,5,5,3,2,5,3,3,4,5,3,3,5,5,3,3,4,5,5,5,5,5,5,2,4,5,4,5,5,4
19,4,3,3,5,2,4,2,2,4,3,5,5,1,4,5,3,4,4,3,3,4,5,3,3,3,3,3,3,5,4,3,4,3,5,5,3,4,5,4,5,5,4
20,3,3,3,3,2,4,3,4,4,4,4,3,1,4,4,4,4,3,4,3,4,2,3,3,4,4,4,4,4,4,4,1,3,3,4,4,4,4,4,4,4,3
21,1,3,3,1,5,4,3,4,1,5,3,2,1,5,5,3,4,4,3,3,5,1,1,1,5,5,3,1,4,5,3,1,4,3,5,5,4,5,4,5,5,3
22,4,3,1,2,2,3,2,2,4,2,2,2,2,4,4,4,2,2,4,4,5,4,4,4,5,4,2,4,4,4,4,4,4,4,4,4,4,3,4,4,4,4
23,4,4,4,3,3,5,2,5,4,5,5,2,3,5,5,4,5,4,5,3,4,4,5,3,5,5,5,3,5,5,5,3,4,4,5,5,5,5,5,5,5,5
24,5,4,5,5,1,4,3,1,2,5,5,3,1,4,5,5,4,3,4,2,2,2,4,5,5,5,5,5,4,5,5,1,5,4,5,5,5,5,5,5,5,5
25,4,4,1,3,4,5,3,2,1,2,5,3,1,5,5,5,5,2,5,5,5,3,3,3,5,5,1,3,5,5,5,5,3,1,5,1,5,5,5,5,5,5
26,5,3,1,3,1,2,2,2,3,5,5,2,1,5,5,5,5,5,5,3,5,5,5,5,5,5,5,5,5,5,5,3,5,5,5,5,5,5,5,5,5,5
27,4,3,3,2,2,3,3,2,4,4,5,2,1,5,5,3,4,4,5,4,4,4,3,3,5,5,5,4,5,5,4,1,3,4,4,3,5,4,5,5,4,5
28,4,3,5,5,1,4,1,5,5,5,5,1,3,5,5,5,5,5,5,5,5,5,5,5,5,5,5,5,5,5,5,5,5,5,5,1,5,5,5,5,5,5
29,3,3,3,5,3,3,3,3,4,5,5,5,2,5,5,4,5,3,3,3,4,5,3,3,5,4,5,3,5,5,5,3,4,4,4,5,5,5,5,5,5,4
30,4,3,3,3,5,3,3,4,1,4,4,2,1,5,5,3,4,4,5,4,5,2,3,2,4,4,5,3,4,5,1,3,3,4,5,3,4,5,5,5,5,4
31,1,3,3,3,2,2,2,3,3,4,4,4,2,4,4,2,4,4,3,2,5,4,4,3,4,5,5,4,5,4,4,3,4,5,5,3,4,5,4,5,4,3
32,2,3,3,4,4,4,3,2,4,2,4,4,4,4,4,3,2,4,3,3,4,4,3,3,4,4,5,3,4,4,3,5,3,4,4,4,4,4,4,4,4,4
33,5,3,3,5,3,4,3,1,4,1,1,3,1,2,2,3,1,1,3,3,5,5,3,3,2,5,5,3,5,1,2,5,1,3,3,1,3,5,3,5,1,1
34,3,3,3,1,1,3,1,1,5,5,5,1,1,5,5,5,5,5,5,3,5,5,3,3,5,5,5,3,5,5,5,1,5,5,5,5,5,5,5,5,5,5
35,5,5,4,4,2,4,1,1,4,4,5,4,2,5,5,3,5,5,3,3,5,5,3,2,4,4,4,5,5,4,4,2,4,4,5,3,4,5,5,5,5,5
36,5,4,4,4,5,4,1,1,3,4,4,4,1,5,5,3,4,2,5,2,5,2,3,1,4,5,4,3,5,5,3,2,2,4,4,2,4,5,3,5,5,5
37,4,3,4,3,3,4,4,2,3,4,5,1,1,5,5,5,3,4,5,1,5,3,5,4,5,5,5,4,4,5,5,3,5,5,5,3,4,5,4,5,5,5
38,4,3,3,4,2,4,2,3,5,4,3,2,3,5,5,4,4,4,3,3,4,3,4,3,5,4,4,4,4,5,5,3,4,4,4,3,4,5,4,5,5,5
39,5,5,2,4,2,3,3,1,5,5,3,4,1,5,4,3,4,3,2,1,5,5,1,1,5,5,5,2,5,5,5,3,4,5,5,4,4,5,5,5,4,3
40,3,3,3,3,4,3,2,2,2,4,4,2,3,4,4,3,4,3,3,3,2,4,3,3,4,4,4,3,4,4,4,2,3,4,4,3,3,4,4,4,3,3
41,5,4,5,5,1,4,1,1,5,5,5,2,1,5,5,5,5,5,5,4,5,5,5,5,5,5,5,5,5,5,5,2,4,5,5,3,5,5,5,5,5,5
42,5,5,4,2,2,3,2,2,1,4,5,4,1,5,5,5,4,2,5,4,5,4,5,4,2,5,4,4,5,2,2,4,4,4,4,4,2,4,4,4,1,4
43,5,4,3,3,2,4,3,3,3,4,5,3,3,5,5,4,4,3,3,3,5,2,4,3,5,4,3,3,5,4,4,3,3,4,4,3,4,5,5,5,4,4
44,3,3,3,3,3,3,3,4,4,3,4,3,2,4,4,2,4,3,3,2,2,4,3,3,3,4,4,3,4,4,4,3,3,4,4,3,3,4,4,4,4,4
45,5,3,4,2,3,4,4,4,1,4,4,2,3,5,5,3,4,4,3,1,4,2,3,2,4,4,4,2,4,5,3,2,3,4,4,3,3,4,5,4,4,5
46,3,3,3,2,3,3,3,3,4,4,4,3,1,4,4,4,4,4,3,3,1,2,3,3,4,4,4,3,4,3,4,3,3,4,4,3,4,4,4,4,3,3
47,4,3,3,3,3,3,3,3,3,3,4,3,1,5,5,3,3,3,3,3,3,3,3,3,5,4,3,3,5,5,5,1,4,3,4,4,5,3,3,5,5,5
48,3,2,2,4,4,3,2,2,5,2,5,4,2,5,5,4,2,2,4,4,5,4,4,3,4,5,5,4,5,5,2,5,4,4,4,2,5,4,5,4,5,4
49,4,2,3,4,1,3,2,2,5,5,5,3,2,5,5,3,5,5,2,2,5,3,3,3,5,5,5,4,5,5,5,1,3,5,5,5,5,5,5,5,3,4
50,5,3,3,5,1,4,3,3,4,3,5,4,1,5,5,4,3,3,5,4,5,4,3,3,5,5,5,3,5,5,4,5,3,4,5,5,3,5,5,5,3,5
51,4,2,2,5,2,3,2,4,4,4,4,4,4,4,4,3,4,4,2,2,5,4,4,2,3,4,4,4,5,4,4,2,4,4,5,4,4,5,4,5,4,4
52,4,3,3,3,3,5,3,1,3,4,4,5,3,5,5,3,4,3,3,3,5,4,3,3,5,5,5,3,4,4,4,3,3,5,5,3,3,5,5,5,4,4
53,4,4,4,2,3,3,3,3,5,4,4,2,2,4,4,4,4,4,4,3,4,3,4,4,4,4,4,4,3,4,4,2,4,4,4,4,4,5,4,4,4,4
54,5,4,5,4,4,5,3,1,2,2,3,2,1,5,5,4,2,2,2,2,4,5,3,1,5,4,4,2,4,5,4,5,2,4,4,1,3,5,4,5,3,3
55,5,3,3,3,1,5,3,3,5,5,5,5,1,5,5,5,5,3,3,1,5,5,3,1,5,5,5,3,5,5,5,3,4,5,5,3,3,5,4,5,5,3
56,5,3,3,2,4,4,3,3,4,5,4,2,2,5,4,4,3,4,3,3,4,2,3,3,5,4,5,4,5,5,4,3,4,4,4,4,4,5,5,5,4,4
57,4,3,4,4,3,3,2,2,4,5,5,4,3,5,5,4,3,2,4,1,2,3,5,4,5,5,3,4,5,5,4,2,2,4,4,2,4,5,5,5,5,5
58,4,4,2,4,2,4,2,1,3,2,4,3,2,4,4,3,4,3,2,1,2,4,3,3,5,4,4,3,4,5,4,4,4,5,4,4,4,4,4,4,4,3
59,4,3,5,1,1,3,1,1,3,5,5,1,2,5,5,5,5,5,5,5,5,5,5,5,5,5,5,5,5,5,5,1,5,5,5,5,5,5,5,5,5,5
60,4,4,4,5,2,4,1,1,4,5,5,2,1,5,5,5,3,5,5,3,1,5,4,3,5,5,5,4,5,5,5,2,4,5,5,3,5,5,5,5,5,5
61,4,3,3,3,3,3,2,3,5,4,4,3,2,5,4,4,3,5,3,4,4,4,4,4,5,5,5,4,5,5,5,3,3,5,4,4,4,5,5,5,5,4
62,4,3,4,4,4,5,2,2,5,5,4,4,2,5,5,4,4,2,3,3,5,4,3,3,4,4,5,3,5,5,4,2,3,4,5,4,4,5,4,5,4,4
63,5,3,3,3,3,5,1,1,5,1,5,1,1,5,5,5,5,4,3,3,1,5,5,3,5,5,5,5,5,5,5,5,5,5,5,3,5,5,5,5,5,5
64,5,3,3,5,3,5,3,4,3,4,5,2,1,5,5,5,5,1,5,1,2,3,5,3,3,5,5,3,5,2,4,1,4,4,5,3,3,5,3,3,5,5
65,4,5,4,4,3,5,3,2,4,4,4,4,1,4,5,1,4,2,5,5,5,2,4,2,4,4,4,3,5,5,4,2,3,4,4,4,4,5,4,5,4,5
66,4,3,3,2,3,3,3,3,4,3,3,3,1,5,5,5,5,4,4,3,5,4,4,5,3,5,4,4,5,5,4,1,3,4,5,3,3,5,5,5,5,5
67,4,3,3,5,2,3,2,2,2,3,4,4,1,5,5,3,5,4,3,4,5,5,3,3,5,5,5,3,5,5,4,1,3,5,4,4,5,5,5,5,5,4
68,3,3,3,2,1,3,4,4,4,3,4,2,2,5,5,3,4,4,3,2,5,3,5,3,2,4,5,3,4,5,4,2,2,4,5,1,3,5,5,4,4,4
69,5,3,3,3,2,5,3,3,4,3,3,3,1,3,3,1,3,3,3,3,5,3,3,2,4,3,3,2,4,3,3,2,3,5,4,2,3,5,4,4,3,2
70,3,3,3,3,3,4,2,2,5,4,4,2,1,5,5,4,4,4,3,3,4,4,3,3,5,5,5,4,4,5,4,3,3,4,5,3,4,5,5,5,4,4
71,3,3,4,5,4,4,2,2,4,5,5,3,2,5,5,5,4,4,5,5,5,4,4,5,5,5,5,3,5,5,5,2,3,4,4,4,4,4,5,4,4,4
72,5,5,5,5,1,5,1,1,1,1,5,1,1,5,5,3,5,1,1,1,5,5,5,1,5,5,5,5,5,5,5,1,5,5,5,5,5,5,5,5,5,5
73,3,3,3,4,3,3,3,2,2,5,3,4,2,5,5,3,4,4,3,3,5,3,3,3,5,5,5,3,3,5,5,2,4,4,5,3,4,5,5,5,5,3
74,4,3,3,2,4,3,2,3,2,3,4,2,2,4,4,4,4,3,3,3,3,4,3,4,4,5,5,4,4,4,3,3,3,4,4,3,4,5,4,4,4,4
75,1,3,3,1,1,3,4,4,3,4,3,3,1,4,4,3,4,1,4,3,3,2,3,2,4,4,4,2,5,4,3,4,3,4,4,3,3,3,4,4,3,3
76,3,3,3,4,4,4,2,2,2,5,5,3,2,5,5,4,3,4,3,2,5,3,3,3,5,5,5,4,4,5,5,3,3,4,5,2,5,5,5,5,3,5
77,3,3,3,3,3,3,3,1,1,4,4,3,1,4,4,3,4,4,3,2,4,3,2,2,4,4,4,3,4,3,4,3,3,4,4,3,3,4,4,4,4,4
78,4,3,3,3,3,3,2,2,5,4,4,3,2,5,4,4,4,3,4,3,4,4,4,4,3,4,4,4,4,4,3,3,3,4,4,3,3,5,4,4,4,4
79,2,3,3,4,4,4,3,2,3,3,4,4,1,3,4,3,4,2,3,2,4,4,4,3,4,3,3,3,4,3,3,3,3,3,4,3,3,4,3,4,3,4
80,5,3,4,3,1,5,3,3,4,3,5,3,1,5,5,5,4,3,4,3,4,2,4,4,5,4,5,4,5,5,5,3,4,4,4,4,4,5,5,5,5,5
81,4,3,2,3,3,3,1,1,2,1,4,4,2,4,5,5,5,3,4,1,3,4,3,4,4,5,5,5,5,1,3,5,5,4,5,3,5,5,5,5,5,4
82,4,3,3,5,2,3,1,1,2,5,5,3,2,5,5,5,2,4,3,3,3,5,4,4,5,5,5,5,4,5,5,3,5,4,5,3,5,5,5,5,5,5
83,3,4,4,4,4,5,3,2,4,4,4,3,4,4,4,3,4,3,3,3,4,4,3,3,4,4,4,3,4,4,3,3,3,3,4,2,3,5,4,5,4,4
84,5,3,3,5,5,5,2,3,4,5,4,4,1,5,4,5,4,2,3,3,5,4,3,3,5,5,5,3,5,5,4,4,4,5,4,3,4,5,4,5,5,5
85,3,3,3,3,3,3,3,1,1,3,4,2,2,4,5,3,4,4,4,2,5,2,4,3,3,5,4,3,4,5,4,1,3,4,4,3,4,5,3,4,5,4
86,5,3,4,5,1,4,3,3,1,3,4,4,1,5,4,3,5,4,3,2,5,1,3,3,5,3,5,3,4,4,3,1,3,4,5,3,4,5,5,5,4,4
87,5,3,2,5,4,3,3,4,5,5,5,4,1,5,4,5,4,2,4,3,5,4,3,3,5,5,5,3,5,5,3,1,4,5,5,3,5,5,5,5,5,4
88,4,4,4,4,4,5,3,4,4,4,4,4,2,5,5,4,5,3,5,3,3,3,5,4,4,5,5,4,4,5,5,1,3,4,4,3,4,5,5,4,5,5
89,4,4,4,3,4,4,3,2,4,4,4,4,1,5,5,4,4,3,5,2,5,4,4,4,5,5,4,4,5,5,2,2,4,5,5,4,4,5,4,4,4,4
90,3,4,3,3,3,3,3,3,4,4,4,3,1,5,4,3,4,3,3,4,5,4,3,1,4,4,5,3,4,5,4,3,3,4,4,3,3,4,4,4,5,3
91,3,3,3,2,3,3,3,1,1,3,5,4,1,5,5,3,3,3,3,3,5,4,3,1,5,5,5,2,5,5,2,1,5,3,5,3,4,5,4,5,5,3
92,3,3,3,5,3,4,3,2,3,4,4,2,1,5,4,3,5,2,2,2,5,4,2,2,5,4,5,3,4,5,5,1,3,4,4,3,3,4,4,5,5,3
93,4,4,2,4,4,4,2,4,4,2,4,4,1,5,4,4,4,4,4,3,4,4,4,4,4,4,4,4,4,5,4,2,2,4,4,4,4,4,4,5,4,4
94,4,4,4,4,2,4,4,4,4,4,4,2,2,4,4,4,4,4,4,4,4,4,4,3,4,4,4,4,4,4,4,2,4,4,4,4,4,4,4,4,4,4
95,2,3,3,2,2,4,2,2,3,3,4,4,2,5,4,4,2,4,3,2,4,4,4,4,4,4,4,2,5,4,2,2,3,3,5,2,2,4,4,4,5,4
96,2,3,4,2,3,3,2,2,4,4,5,3,3,4,5,4,4,2,3,2,4,4,3,4,4,4,4,4,4,4,4,4,4,4,4,4,4,4,4,4,4,4
97,4,3,4,5,2,4,2,2,4,4,4,3,3,5,5,3,4,4,3,3,4,4,3,3,3,5,4,3,5,4,3,4,3,4,4,3,4,5,4,5,4,4
98,4,3,3,2,4,4,4,4,5,4,4,4,1,5,4,5,4,4,4,3,4,3,4,4,5,5,5,4,4,5,5,2,4,4,4,4,4,4,4,5,4,3
99,4,3,4,3,2,4,3,1,3,5,5,2,1,5,5,4,5,4,5,2,5,5,5,4,5,5,5,5,5,5,5,4,5,4,5,5,5,5,5,5,5,5
100,4,3,5,3,1,3,1,5,2,5,5,4,1,5,5,5,5,5,5,2,5,3,3,5,5,5,5,4,5,5,5,1,5,5,5,5,5,5,5,5,5,5
101,4,3,4,4,4,4,3,4,4,4,4,2,2,5,4,3,3,4,3,3,5,4,3,2,3,3,3,3,5,4,4,4,3,5,3,4,4,5,4,5,5,5
102,5,3,3,3,2,4,3,2,5,5,4,3,2,5,5,3,4,4,2,1,5,3,3,4,5,5,5,4,5,4,4,2,4,4,4,3,4,4,4,5,4,5
103,3,3,2,3,4,3,3,4,5,5,2,2,1,5,4,2,4,4,1,2,2,2,1,1,5,5,5,1,2,4,4,2,4,5,5,4,3,5,4,5,4,3
104,4,4,4,5,5,4,3,3,4,3,4,4,2,4,4,4,3,3,4,3,3,4,4,3,4,5,5,3,5,5,3,3,3,4,4,3,3,5,5,5,4,3
105,4,3,4,3,4,4,2,2,2,2,3,4,1,5,4,4,3,4,2,2,2,3,3,2,2,5,4,2,5,3,2,4,3,3,5,3,3,4,5,5,4,3
106,4,3,3,3,1,4,3,1,1,3,5,1,1,5,5,5,5,5,3,3,5,5,5,3,5,5,5,5,5,3,5,3,5,5,5,3,5,5,5,5,5,5
107,4,3,3,2,3,4,3,4,4,4,4,3,1,5,5,4,4,4,4,3,4,3,4,4,4,5,5,4,4,5,5,3,3,4,4,3,4,4,4,4,3,4
108,5,5,5,4,3,4,1,3,3,3,4,4,2,5,4,5,5,3,5,2,3,5,3,3,5,4,4,4,4,5,4,3,4,4,5,4,4,5,4,5,4,3
109,2,2,2,3,3,3,3,2,2,3,3,3,3,5,4,3,3,2,3,2,5,3,2,3,3,4,3,3,4,4,2,2,1,2,2,2,3,3,4,4,2,2
110,2,3,3,2,1,3,3,3,2,4,4,1,1,4,4,2,4,3,3,1,5,4,3,3,4,4,4,3,4,4,5,3,4,4,5,4,4,5,4,5,4,4
111,4,3,3,4,1,3,2,5,4,5,5,4,2,4,5,2,3,3,3,2,3,4,3,3,3,3,3,4,4,4,4,5,3,4,5,5,3,5,4,4,5,4
112,2,3,1,3,3,3,3,2,1,4,3,1,2,5,5,1,5,3,3,5,5,3,3,3,5,3,5,3,3,5,3,1,3,5,4,5,3,4,5,5,3,1
113,3,3,2,3,3,3,2,3,2,3,2,4,3,2,2,2,3,3,3,1,5,3,2,1,3,3,4,1,4,2,2,4,2,2,3,3,2,4,3,4,3,1
114,4,3,3,4,2,4,3,5,2,5,3,4,1,5,5,4,5,5,3,4,5,4,3,3,5,4,5,3,5,5,5,1,3,4,4,4,4,4,5,4,4,4
115,3,4,2,3,2,3,2,2,1,4,4,3,1,5,4,3,4,3,3,1,5,2,3,3,4,4,4,3,5,5,4,2,4,4,4,4,4,4,4,4,4,4
116,4,4,3,3,2,4,3,2,3,3,4,2,1,5,4,3,4,2,3,4,4,4,3,3,4,5,5,3,4,5,4,2,4,5,3,4,4,5,5,5,4,4
117,2,3,3,2,3,3,4,2,2,4,4,2,1,4,4,3,4,4,3,3,3,3,4,4,5,5,5,4,4,4,4,2,4,4,4,3,4,4,5,5,4,3
118,4,3,4,2,4,3,2,2,3,3,3,4,2,5,4,3,3,4,4,3,2,3,3,2,4,4,5,3,4,5,5,4,2,4,5,2,4,4,3,5,4,4
119,4,3,4,4,3,5,2,1,1,4,3,2,3,5,5,4,3,4,4,4,3,5,5,4,5,5,4,3,4,5,3,2,3,4,5,4,4,5,4,5,5,3
120,1,3,3,4,1,2,4,1,5,3,3,5,3,3,5,1,3,3,3,5,1,5,3,3,3,5,3,2,4,4,3,2,3,3,4,3,3,5,3,5,1,1
121,3,4,4,5,2,4,1,4,1,4,5,3,2,4,4,4,4,4,4,2,4,2,4,4,4,4,5,4,4,4,4,2,4,4,5,4,4,5,4,4,5,4
122,3,3,3,2,3,4,1,1,2,3,5,2,1,5,5,3,5,4,5,1,5,4,5,5,5,5,5,3,5,5,5,1,3,5,5,5,5,5,5,5,5,5
123,4,3,3,4,4,5,3,3,4,5,3,2,1,5,5,4,4,4,3,2,3,3,4,2,5,5,5,3,4,5,4,2,3,5,4,3,4,5,4,5,4,4
124,4,3,3,4,4,5,2,1,3,1,5,4,1,5,4,5,4,4,4,4,3,4,3,3,5,5,4,3,5,5,4,5,3,4,4,2,4,5,4,5,5,4
125,3,3,3,3,4,4,2,2,5,4,4,4,2,5,5,4,3,3,3,3,3,4,4,3,5,5,5,3,5,5,4,2,3,5,5,4,4,5,5,5,4,3
126,2,3,3,3,3,4,5,3,5,1,3,2,1,5,4,2,4,4,3,4,3,3,2,1,3,5,5,2,5,5,1,4,2,5,4,3,2,5,4,5,1,2
127,3,3,3,3,3,3,3,3,3,5,5,4,2,5,5,4,5,4,3,3,4,3,5,3,5,5,5,4,4,5,5,1,4,4,4,3,5,4,5,5,4,5
128,5,3,3,2,1,5,3,3,4,2,2,2,3,4,3,3,3,4,3,2,4,2,3,4,4,4,3,3,4,5,3,4,3,4,4,3,3,5,3,4,3,2
129,4,5,5,5,5,5,2,5,5,2,5,1,1,5,5,5,5,4,3,3,5,4,5,3,2,5,5,5,5,5,5,5,5,5,5,5,5,5,5,5,5,5
130,3,1,1,3,5,3,5,1,3,3,5,4,3,3,3,4,3,1,5,3,5,3,3,3,3,5,5,5,5,5,3,5,5,4,5,3,5,5,5,5,5,5
131,3,3,5,4,3,5,3,4,1,5,5,4,2,5,5,5,4,4,5,5,2,4,5,5,5,5,5,4,4,5,5,2,5,5,5,4,4,5,5,5,5,5
132,3,3,3,2,3,3,2,4,4,3,4,2,2,5,4,3,3,3,3,2,3,2,2,4,4,4,4,2,4,4,4,3,2,4,4,2,3,4,3,4,4,3
133,3,3,2,3,3,3,3,4,2,4,4,2,1,5,5,3,4,3,3,2,4,2,2,2,4,5,4,3,4,5,4,2,4,3,4,4,4,4,4,4,5,4
134,5,3,3,4,3,4,3,1,5,5,5,4,1,4,5,5,4,4,3,2,1,4,3,3,5,5,5,3,4,5,5,5,3,4,5,3,5,5,3,5,5,3
135,5,3,3,1,1,3,1,1,5,1,5,5,3,5,5,5,5,5,5,5,5,5,5,3,5,5,5,3,5,5,5,3,3,5,5,3,5,5,5,5,5,5
136,4,3,3,3,3,3,3,3,4,2,5,2,1,5,5,5,5,2,4,1,4,3,4,5,5,5,5,5,5,5,5,3,5,4,5,4,5,5,5,5,5,5
137,3,3,3,4,3,3,2,2,3,4,4,3,2,5,5,3,4,4,3,3,2,4,4,4,5,4,5,3,4,5,5,4,3,5,5,4,3,5,3,5,5,4
138,4,4,1,5,3,5,1,1,3,3,5,5,3,5,5,5,3,3,3,5,5,3,3,1,5,5,5,3,3,3,5,3,3,5,3,3,3,5,5,5,3,4
139,4,4,3,4,4,4,2,3,4,4,4,3,2,5,5,4,4,4,3,3,4,4,3,3,4,5,5,3,4,5,5,2,3,4,4,4,4,4,4,4,4,4
140,3,3,3,3,3,3,3,2,2,4,4,3,1,5,4,5,3,4,3,3,4,4,3,3,4,5,5,3,4,4,4,3,3,4,4,4,4,5,4,5,4,4
141,4,2,3,3,2,3,3,2,4,5,5,3,1,5,5,3,4,4,3,2,5,3,4,3,4,5,4,3,5,5,4,3,4,4,4,4,4,5,4,5,4,5
142,4,3,3,3,3,3,5,1,3,5,5,1,1,5,5,5,5,5,5,1,5,1,3,3,5,5,5,5,4,5,5,5,3,5,5,3,5,5,5,5,5,5
143,4,3,4,4,3,4,4,4,5,4,3,4,2,4,4,3,3,4,3,3,5,2,3,4,4,4,5,4,4,5,4,1,4,4,4,3,2,5,5,4,3,2
144,5,4,4,3,2,1,3,4,4,4,4,4,1,4,4,2,4,3,1,1,3,2,2,4,3,4,3,3,5,2,2,3,4,4,5,4,4,4,4,4,4,3
145,1,3,2,4,4,4,3,2,3,4,3,3,2,5,4,4,4,3,3,3,4,5,3,3,4,5,5,3,5,4,3,4,3,4,4,3,4,5,4,5,4,3
146,4,4,4,4,2,4,3,2,4,3,4,2,3,5,5,5,4,4,4,3,4,4,4,4,4,5,5,4,5,5,4,2,4,5,4,4,4,5,4,5,5,4
147,2,3,3,4,4,4,2,3,3,4,4,4,2,4,4,3,4,4,3,3,3,4,3,3,4,4,4,3,4,4,4,3,3,4,4,2,3,4,4,4,4,3
148,3,4,4,2,3,3,3,3,3,4,4,2,5,5,5,5,5,3,5,5,3,5,3,3,5,5,5,3,4,4,5,2,4,4,5,5,4,5,4,5,5,5
149,4,3,3,4,4,4,4,3,3,3,4,4,3,4,4,3,4,2,3,4,3,4,3,2,4,4,3,3,4,4,3,3,3,4,4,2,2,4,4,4,4,4
150,3,2,3,3,3,3,3,2,2,2,4,4,1,2,4,4,4,3,2,4,2,3,2,3,2,2,2,3,4,4,2,2,3,3,2,3,3,4,4,4,2,3
151,4,3,2,4,1,2,1,1,3,3,1,4,1,2,3,1,3,4,3,4,5,4,3,1,2,5,5,3,4,5,2,1,3,4,4,1,4,4,4,5,1,3
152,5,3,5,4,4,4,3,3,2,5,4,1,1,5,5,5,5,5,3,2,5,4,3,3,5,5,5,3,5,5,5,2,4,5,5,5,5,5,4,5,5,5
153,4,3,3,4,2,3,3,4,5,5,5,5,1,5,5,4,5,2,5,4,5,5,5,4,3,5,5,4,5,5,5,1,2,5,4,3,3,5,5,5,5,4
154,4,3,3,5,3,3,4,1,3,1,3,3,1,5,5,3,4,4,3,5,5,3,3,5,4,5,5,3,3,5,4,3,3,4,5,3,4,5,5,5,4,4
155,5,5,5,5,1,5,2,5,3,5,5,5,1,5,5,5,5,1,3,3,3,5,5,5,5,5,3,5,5,5,5,1,5,5,5,5,5,5,5,5,5,5
156,4,3,3,3,3,3,3,2,4,4,4,3,1,5,5,3,5,4,3,2,4,4,3,4,4,4,3,4,4,5,4,2,3,4,5,4,4,4,4,5,4,4
157,5,3,4,4,2,5,3,3,3,4,4,2,2,4,5,5,4,4,3,3,3,3,3,3,4,4,4,3,5,5,4,2,3,4,5,3,5,5,5,5,4,5
158,3,2,3,4,4,3,3,2,3,4,4,4,1,4,4,3,4,3,2,3,4,2,3,3,4,4,4,3,4,5,4,3,4,4,4,2,4,4,4,4,3,3
159,4,3,3,4,3,4,2,1,2,3,4,4,2,4,5,5,5,4,4,2,3,5,3,4,4,4,5,3,5,4,4,3,4,2,4,5,4,5,4,5,4,4
160,4,3,4,3,4,5,3,3,3,4,2,4,1,4,5,2,4,2,2,4,1,4,2,2,4,4,4,3,4,4,4,3,2,4,4,4,4,5,4,4,4,3
161,5,3,4,3,3,5,2,2,1,3,3,5,2,3,3,3,3,3,3,3,2,5,3,3,3,2,3,3,4,3,3,3,3,3,2,2,3,5,3,3,3,3
162,4,4,4,5,4,3,3,3,3,3,4,2,1,5,5,4,3,3,3,3,3,5,3,3,3,3,5,3,5,5,4,2,3,4,5,3,5,4,5,5,3,3
163,3,3,4,4,1,3,2,2,3,3,3,4,1,3,4,2,3,2,2,3,5,3,2,3,2,2,2,2,5,4,3,2,3,4,3,3,3,4,4,2,3,3
164,3,3,4,3,3,4,3,4,3,4,5,4,1,4,5,3,4,4,4,3,5,3,3,2,4,4,5,3,4,5,4,2,2,4,5,5,4,5,5,5,4,4
165,4,5,4,4,2,3,4,2,4,3,5,3,1,4,5,2,5,4,1,3,4,4,3,5,4,5,5,5,4,3,5,1,4,4,4,5,4,4,5,4,4,5
166,3,3,3,3,3,3,3,4,3,4,5,2,1,4,5,4,5,5,3,2,5,4,3,5,5,4,5,5,5,5,5,1,5,5,5,5,5,5,5,5,5,5
167,4,3,3,2,2,4,2,3,4,3,4,2,1,4,5,3,3,3,3,2,4,4,3,3,3,4,4,3,4,4,4,2,3,3,4,3,4,5,4,4,3,4
168,4,3,4,3,2,3,3,2,3,4,4,2,1,5,5,3,5,4,3,3,4,4,3,4,5,5,5,4,4,5,5,2,4,4,5,4,4,4,5,5,5,5
169,5,4,4,3,3,4,3,3,3,3,5,4,1,4,3,3,4,4,4,3,4,1,5,5,4,4,4,3,5,5,3,2,3,4,5,4,4,5,5,5,3,4
170,4,3,2,2,2,1,2,2,5,5,5,3,2,5,5,5,5,4,4,1,5,1,5,3,5,5,5,4,5,5,5,3,5,5,5,5,4,5,5,5,5,4
171,1,1,4,4,3,4,1,1,4,5,3,3,4,1,5,3,1,5,1,4,3,5,4,2,5,3,3,4,5,2,2,3,5,3,2,3,2,5,4,5,3,4
172,5,5,4,4,4,5,4,4,4,3,5,4,1,5,3,3,5,1,5,4,5,4,3,3,5,4,5,4,5,5,3,1,4,5,4,3,4,5,4,5,3,4
173,2,4,3,3,2,4,3,3,3,3,4,2,5,3,3,2,3,4,3,4,5,2,2,3,3,4,4,3,5,4,3,2,3,4,4,3,3,5,3,5,3,3
174,5,4,4,3,2,3,1,4,4,5,5,3,1,4,5,5,5,4,5,1,4,5,5,4,5,5,5,4,5,4,5,1,5,4,5,5,4,5,4,5,5,5
175,4,4,4,5,4,4,3,2,4,4,4,4,1,4,5,4,5,5,3,2,5,5,5,2,5,5,5,4,5,5,5,3,3,4,5,4,5,5,5,5,5,4
176,4,2,3,4,3,3,2,3,3,4,4,4,2,4,4,4,3,3,3,4,2,2,4,3,3,5,4,3,5,5,4,2,3,4,4,3,4,1,3,5,4,4
177,3,2,4,4,4,1,4,2,2,3,4,4,5,3,4,2,3,2,4,4,2,4,4,4,2,4,4,4,4,2,4,4,2,4,4,2,4,1,4,4,3,4
178,4,1,3,2,1,3,2,4,2,5,5,2,1,5,5,5,5,4,5,3,1,5,5,4,5,5,4,5,5,5,5,1,3,5,5,5,5,5,4,5,5,5
179,5,3,4,4,3,4,2,1,1,3,4,2,1,5,5,4,5,4,4,4,5,5,3,3,3,5,5,3,4,5,4,5,4,5,5,4,5,5,5,5,5,5
180,3,3,3,4,3,4,2,1,5,5,5,3,2,3,5,3,3,5,3,3,3,1,3,4,4,5,5,4,5,5,5,2,4,4,5,4,4,5,5,5,5,4
181,4,4,2,4,4,4,3,3,2,4,4,3,1,3,4,3,4,2,2,3,4,5,2,2,3,4,4,2,4,3,4,3,2,3,4,2,3,5,4,4,2,2
182,5,3,3,4,3,3,3,2,4,4,5,3,1,4,5,5,4,3,3,2,1,5,4,3,5,5,5,4,5,5,4,4,4,4,4,4,4,5,5,5,4,4
,,,,,,,,,,,,,,,,,,,,,,,,,,,,,,,,,,,,,,,,,,
